{
   "contactHead": "استثمر معنا",
    "contactSub": "تواصل معنا لمعرفة المزيد حول فرصنا الاستثمارية.",
    "footerCopy": "جميع الحقوق محفوظة © 2025 إيليت كابيتال",
    "footerEmail": "Subscribe for our Newsletter to Receive Updates and Content.",
    "footerEmailText": "Enter Your Email",
    "footerEmailButton": "Subscribe",
    "footerNav": [
        {
             "text": "اتصل بنا",
            "link": "/about-us"
        },
        {
            "text": "استثمر معنا ",
            "link": "/invest-with-us"
        },
        {
            "text": "من نحن ",
            "link": "/contact"
        }
    ],
    "footerNavBottom": [
        {
             "text": "ياسة الخصوصيةس",
            "link": "/privacy-policy"
        },
        {
            "text": "سياسة ملفات تعريف الارتباط",
            "link": "/cookie-policy"
        }
    ]
}