{
    "hero":"صفحة تواصل معنا",
    "cta": "Learn More",
    "locationHead":"موقعنا:",
    "address1":"إيليت كابيتال – المكتب الرئيسي",
    "address2":"أبراج سنترال بارك، مكتب 02-40",
    "address3":"مركز دبي المالي العالمي ",
    "address4":"ص.ب 507417 – دبي، الإمارات العربية المتحدة",
    "address5":" الإمارات العربية المتحدة",
    "address6":"مرخّص من قبل سلطة دبي للخدمات المالية تحت رقم F009439",
    "contactHead":"للتواصل معنا:",
    "phone":"+971 44 99 2400",
    "mail":"info@elitecapitalinvestments.com",
     "contactFormHead": "استثمر معنا",
    "contactSub": "تواصل معنا لمعرفة المزيد حول فرصنا الاستثمارية."
}