{
    "hero": "Cookie policy",
    "heroSub": "Website (website URL) is  operated by Elite Capital.This policy explains the way in which cookies are used on our websites. Please ensure as the user of our websites you have read and understood this policy before continuing to use them. If you have any questions about our use of cookies, you can contact us at (Email)",
    "content": [
        {
            "title": "What are cookies?",
            "para": [
                "Cookies are text files containing small amounts of information which are downloaded to your device when you visit a website. Cookies are then sent back to the originating website on each subsequent visit, or to another website that recognizes that cookie. Cookies are useful because they allow a website to recognize a user’s device.",
                "You can find more information about cookies at:https://allaboutcookies.org  and  https://youronlinechoices.eu.",
                "Cookies do lots of different jobs, like letting you navigate between pages efficiently, remembering your preferences, and generally improving the user experience. They can also help to ensure that adverts you see online are more relevant to you and your interests."
            ]
        },
        {
            "title": "Which cookies are used on this website?",
            "para": [
                "The cookies used on this website have been categorised based on the categories found in the ICC UK Cookie guide.A list of all the cookie types used on this website by category is set out below"
            ],
            "list": [
                {
                    "title": "Strictly necessary cookies",
                    "detail": [
                        "These cookies are essential in order to enable you to move around the website and use its features, such as accessing secure areas of the website. Without these cookies, services you have asked for cannot be provided."
                    ]
                },
                {
                    "title": "Performance cookies",
                    "detail": [
                        "These cookies collect information about how visitors use a website, for instance which pages visitors go to most often, and if they get error messages from web pages. These cookies don’t collect information that identifies a visitor. All information these cookies collect is aggregated and therefore anonymous. It is only used to improve how a website works."
                    ]
                },
                {
                    "title": "Functional cookies",
                    "detail": [
                        "These cookies allow a website to remember choices you make (such as your user name, language or the region you are in) and provide enhanced, more personal features. These cookies can also be used to remember changes you have made to text size, fonts and other parts of web pages that you can customize. They may also be used to provide services you have asked for such as watching a video or commenting on a blog. The information these cookies collect may be anonymized and they cannot track your browsing activity on other websites."
                    ]
                },
                {
                    "title": "Google Analytics",
                    "detail": [
                        "These cookies are used to collect information about how visitors use our site. We use the information to compile reports and to help us improve the site. The cookies collect information in an anonymous form, including the number of visitors to the site, where visitors have come to the site from and the pages they visited."
                    ]
                }
            ]
        },
        {
            "title": "How can the cookies be removed?",
            "para": [
                "You may refuse to accept cookies by activating the setting on your internet browser which allows you to refuse the setting of cookies. For more information about cookies including how to set your internet browser to reject cookies please go to www.allaboutcookies.org.",
                "To opt out of Google Analytics visit https://tools.google.com/dlpage/gaoptout."
            ]
        }
    ]
}