{
    "hero": "نوفر للمستثمرين فرصة الوصول إلى أصول حقيقية بعوائد حقيقية",
    "heroSub": "نحن مديرو صناديق متخصصون في الاستثمار العقاري، نقدم فرصًا استثمارية متميزة تدر عوائد استثنائية معدّلةحسب المخاطر من خلال مشاريع تطويرية تسهم في في بناء مجتمعات مزدهرة.",
    "aboutHead": "من نحن",
    "aboutSub": "تُعد 'إيليت كابيتال' شركة أسهم خاصة مرخّصة من قبل سلطة دبي للخدمات المالية، وتوفر للمستثمرين الدوليين فرصًا جذابة للاستثمار في الأصول الحقيقية، من خلال الدمج بين المعرفة العميقة بالأسواق المحلية والخبرة العالمية في إدارة الصناديق والاستثمار الاستراتيجي. ويقوم نجاحنا على بناء شراكات طويلة الأمد مع مستثمرينا لتقديم أصول ذات عوائد حقيقية.",
    "cta": "للمزيد من المعلومات",
    "stats": [
        {
            "number": "80+",
            "text": "سنة من الخبرة المهنية"
        },
        {
            "number": "$50B",
            "text": "قيمة استثمارية واستشارية إجمالية"
        },
        {
            "number": "45+",
            "text": "مشروع عقاري حصري لشركة إيليت كابيتال"
        },
        {
            "number": "$1B+",
            "text": "قيمة الأسهم المطلوبة لمحفظة المشاريع الحصرية لدى إيليت كابيتال"
        }
    ],
    "valuesHead": "قيمنا",
    "values": [
        {
            "valueTitle": "الشراكة",
            "valueContent": "نطمح لأن نكون الشريك المفضل للمستثمرين والمطورين والمجتمعات، من خلال بناء علاقات قوية تُفضي إلى حلول طويلة الأمد ونجاحات مستدامة."
        },
        {
            "valueTitle": "النزاهة",
            "valueContent": "بخبرة تزيد عن 80 عامًا، نلتزم بأعلى معايير الشفافية والصدق والأخلاقيات في جميع تعاملاتنا."
        },
        {
            "valueTitle": "المعرفة",
            "valueContent": "نجمع بين المعرفة المحلية المتعمقة والخبرة العالمية في الاستثمار لضمان استراتيجيات استثمارية مبتكرة ومعتمدةعلى البيانات وموثوقة. يقدّم فريقنا دائمًا نهجًا متميزًا لتحقيق عوائد معدّلة حسب المخاطر."
        },
        {
            "valueTitle": "الثقة",
            "valueContent": "نبني الثقة ونحافظ عليها من خلال الشفافية والاتساق والتعاون مع جميع أصحاب المصلحة لدينا."
        },
        {
            "valueTitle": "الاستدامة",
            "valueContent": "نستثمر في مشاريع مصممة بشكل مسؤول لتحقيق فوائد بيئية واجتماعية مستدامة للمجتمعات."
        }
    ],
    "advantageHead": "فرصة استثمارية مميزة في العقارات الكندية ",
    "advantage": [
        {
            "text": "تتميّز كندا بكونها وجهة استثمارية رائدة ضمن دول مجموعة السبع، بفضل اقتصادها المستقر سريع النمو، ومواردها الطبيعية الوفيرة، وتصنيفها الائتماني الممتاز (AAA)، إلى جانب ارتفاع عدد سكانها وزيادة الطلب على السكن. ومن المتوقع أن يرتفع عدد السكان في كندا بمقدار 11.6 مليون نسمة بحلول عام 2050.v"
        },
        {
            "text": "ويُعد هذا النمو السريع، إلى جانب النقص المتوقع في أكثر من 3.5 مليون وحدة سكنية بحلول عام 2030، عاملاً جاذبًا للاستثمار في سوق العقارات السكنية الكندية."
        }
    ],
    "advantageCta": "تعرف على المزيد",
    "diversifyHead": "نوّع محفظتك العقارية مع مشاريع متميزة في كندا",
    "diversify": [
        {
            "text": "يستفيد مستثمرونا من فرص استثمارية متنوعة، تشمل محفظتنا الحصرية من أكثر من 45 مشروع تطويري متميز يركّز على المجتمع المحلي في أونتاريو، كندا. وتضم هذه المشاريع وحدات سكنية مصممة خصيصًا لسوق الإيجار، اجتازت مراحل التخطيط والتصاريح، وجاهزة للبدء الفوري."
        },
        {
            "text": "تجمع هذه المحفظة الحصرية بين فرص استثمارية مدروسة، وعملية تدقيق شاملة، وإدارة مباشرة للأصول لضمان تحقيق عوائد معدّلة حسب المخاطر بمستوى متفوق لمستثمرينا."
        }
    ],
   "realHead":"عوائد حقيقية",
    "realHeadSub": "أصول حقيقية..",
    "portfolioHead": "محفظتنا الاستثمارية المختارة ",
    "portfolioSub": "محفظة متنوعة من المشاريع السكنية المصممة خصيصًا في أونتاريو:",
    "portfolioCta": "للإطلاع علي ملف مشاريعنا",
    "portfolio": [
        {
            "image": "/assets/images/homepage/portfolio-1.png",
            "text1": "81-87 Rymal,",
            "text2": "Hamilton, ON"
        },
        {
            "image": "/assets/images/homepage/hero-bg.jpg",
            "text1": "570 Upper Ottawa,",
            "text2": "Hamilton, ON"
        },
        {
            "image": "/assets/images/homepage/portfolio-1.png",
            "text1": "Station 60,",
            "text2": "Brantford, ON"
        },
        {
            "image": "/assets/images/homepage/hero-bg.jpg",
            "text1": "148, Niagara",
            "text2": "Hamilton, ON"
        },
        {
            "image": "/assets/images/homepage/portfolio-1.png",
            "text1": "4th Avenue - Phase 1,",
            "text2": "St. Catharines, ON"
        },
        {
            "image": "/assets/images/homepage/hero-bg.jpg",
            "text1": "120 Meridian Way,",
            "text2": "Pelham, ON"
        }
    ],
    "contactHead": "استثمر معنا",
    "contactSub": "تواصل معنا لمعرفة المزيد حول فرصنا الاستثمارية."
}