{
    
    "hero": "Privacy policy",
    "heroSub": "Elite Capital is the data controller responsible for your personal data (referred to as 'Elite Capital', 'we', 'us' or 'our' in this Policy). Elite Capital recognises the importance of protecting your privacy and our Policy is designed to assist you in understanding how we collect, use and safeguard the personal information you provide to us.",
    "content": [
        {
            "title": "Important information",
            "para": "<p>This Policy explains how we look after your personal data when you visit our websites, use our products or services, or through any other form through which your personal information is provided to us, what privacy rights you have to control how we use your information and how the law protects you.</p><p> Our websites are not intended for children and we do not knowingly collect data relating to children. We will never sell, rent or otherwise distribute or make public your personal information outside the company. This Policy will be continuously assessed against new technologies, business practices and our customers’ needs, and regularly updated.</p>"
        },
        {
            "title": "Information we collect",
            "para": "<p>When you visit our websites, use our products or where we carry out related activities you may knowingly provide us with personal information or we may collect personal information about you.<br/>We may collect, use, store and transfer different kinds of personal data about you which we have grouped together follows:</p> <ul class='list-disc space-y-[1.5vw] mobile:space-y-[3vw]' ><li>Identity Data – includes first name, last name, username or similar identifier, title, date of birth and gender.</li> <li>Contact Data – includes email address and telephone numbers.</li> <li>Financial Data – includes bank account and payment details.</li><li>Technical Data – includes internet protocol (IP) address, your login data, browser type and version, time zone setting and location, browser plug-in types and versions, operating system and platform and other technology on the devices you use to access this website.</li><li>Usage Data – includes information about how you use our website, products and services.</li><li>Marketing and Communications Data – includes your preferences in receiving marketing from us and your communication preferences.</li></ul>"
        },
        {
            "title": "Personal information you choose to provide:",
            "para": "<p><span class='font-medium'>Registration information and contact forms</span> <br/> When you register via website contact forms for any of our products, services or newsletters you will provide us information about yourself.</p><p><span class='font-medium'>Electronic mail</span><br/>If you choose to correspond with us through email, we may retain the content of your email messages together with your email address and our responses. We provide the same protections for these electronic communications that we employ in the maintenance of information received by mail and telephone.</p>"
        },
        {
            "title": "Keeping your information safe & confidential",
            "para": "<p>Elite Capital is committed to keeping your information secure. We have strict principles that govern our use of information and our duty to ensure it is kept safe and secure. Security and access controls, operational policies and procedures are in place to protect your information.<br/>We will only retain your personal data for as long as reasonably necessary to fulfill the purposes we collected it for, including for the purposes of satisfying any legal, regulatory tax, accounting or reporting requirements. We may keep your personal data for a longer period in the event of a complaint or if we reasonably believe there is a prospect of litigation in respect of our relationship with you.</p>"
        },
        {
            "title": "Liability for content, links and copyright",
            "para": "<p class='pt-[1.5vw]'><span class='font-medium'>Content of websites</span><br/>We make every effort to keep the information on our websites current but accept no liability whatsoever for the content provided. The law limits our responsibility as a service provider to our own webpage content on our own websites.<br/>We are not obligated to monitor third party information provided or stored on our websites. However, we shall promptly remove any content upon becoming aware that it violates the law. Our liability in such an instance shall commence at the time we become aware of the respective violation</p><p><span class='font-medium'>Third party links</span><br/>Our websites may include links to third-party websites, plug-ins and applications. Clicking on those links or enabling those connections may allow third parties to collect or share data about you. We do not control these third-party websites and are not responsible for their privacy statements. When you leave our website, we encourage you to read the privacy policy of every website you visit.</p><p><span class='font-medium'>Copyright</span><br/>The content and works provided on our websites are governed by the copyright laws of the United Kingdom. Duplication, processing, distribution, or any form of commercialization of such material beyond the scope of the copyright law shall require the prior written consent of Bespin Labs or its respective author or creator.</p>"
        },
        {
            "title": "Your right as a data subject",
            "para": "<p><span class='font-medium'>Exercising your rights</span><br/>As a data subject whose personal information is held by us, you have certain rights. If you wish to exercise any of these rights, please email (EMAIL ID)<br/>In order to process your request, we will ask you to provide valid forms of identification for verification purposes.</p><p><span class='font-medium'>The right to be informed</span><br/>You may request a copy of the personal data we hold about you free of charge. Once we have verified your identity and, if relevant, the authority of any third-party requester, we will provide access to the personal data we hold about you as well as the following information: <ul class='list-disc'><li>The purposes of the processing</li><li>The categories of personal data concerned</li><li>The recipients to whom the personal data has been disclosed</li><li>The retention period or envisioned retention period for that personal data</li><li>When personal data has been collected from a third party, the source of the personal data</li></ul><br/>If there are exceptional circumstances that mean we can refuse to provide the information, we will explain them. If requests are frivolous or vexatious, we reserve the right to refuse them. If answering requests is likely to require additional time or occasions unreasonable expense (which you may have to meet), we will inform you.</li></ul></p><p><span class='font-medium'>The right to rectification</span><br/>When you believe we hold inaccurate or incomplete personal information about you, you may exercise your right to correct or complete this data. This may be used with the right to restrict processing to make sure that incorrect/incomplete information is not processed until it is corrected</p><p><span class='font-medium'>The right to erasure (the ‘right to be forgotten’)</span><br/>Where no overriding legal basis or legitimate reason continues to exist for processing personal data, you may request that we delete the personal data. This includes personal data that may have been unlawfully processed. We will take all reasonable steps to ensure erasure.</p><p><span class='font-medium'>The right to restrict processing</span><br/>You may ask us to stop processing your personal data. We will still hold the data but will not process it any further. This right is an alternative to the right to erasure. If one of the following conditions applies you may exercise the right to restrict processing: <br/> <ul class='list-disc'><li>The accuracy of the personal data is contested</li> <li>Processing of the personal data is unlawful</li><li>We no longer need the personal data for processing, but the personal data is required for part of a legal process</li><li>The right to object has been exercised and processing is restricted pending a decision on the status of the processing</li></ul></p> <p> <span class='font-medium'>The right to data portability</span><br/>You may request your set of personal data be transferred to another controller or processor, provided in a commonly used and machine-readable format. This right is only available if the original processing was on the basis of consent, the processing is by automated means and if the processing is based on the fulfillment of a contractual obligation.</p><p><span class='font-medium'>The right to object</span><br/>You have the right to object to our processing of your data where:<br/><ul class='list-disc'><li> Processing is based on legitimate interest</li> <li>Processing is for the purpose of direct marketing</li> <li>Processing is for the purposes of scientific or historical research</li> <li>Processing involves automated decision-making and profiling</li></ul></p>"
        }
    ]
}